{"cameraMode":{"drawMode":0,"name":"Shaded","section":"Shading Mode"},"sceneLighting":true,"audioPlay":false,"sceneViewState":{"m_AlwaysRefresh":false,"showFog":true,"showSkybox":true,"showFlares":true,"showImageEffects":true,"showParticleSystems":true,"showVisualEffectGraphs":true,"m_FxEnabled":true},"in2DMode":false,"pivot":{"x":1.0186216831207276,"y":-5.50941276550293,"z":-0.6759662628173828},"rotation":{"x":0.11253876239061356,"y":0.011929525062441826,"z":0.001350595848634839,"w":-0.993596613407135},"size":8.830625534057618,"orthographic":false}