{"cameraMode":{"drawMode":0,"name":"Shaded","section":"Shading Mode"},"sceneLighting":false,"audioPlay":false,"sceneViewState":{"m_AlwaysRefresh":false,"showFog":true,"showSkybox":true,"showFlares":true,"showImageEffects":true,"showParticleSystems":true,"showVisualEffectGraphs":true,"m_FxEnabled":true},"in2DMode":false,"pivot":{"x":-1.234466552734375,"y":-24.404800415039064,"z":47.14910888671875},"rotation":{"x":0.026980670168995858,"y":-0.034480590373277667,"z":0.0009311893954873085,"w":0.9990410804748535},"size":113.10577392578125,"orthographic":false}